{"cameraMode":{"drawMode":0,"name":"Shaded","section":"Shading Mode"},"sceneLighting":true,"audioPlay":false,"sceneViewState":{"showFog":true,"showMaterialUpdate":false,"showSkybox":true,"showFlares":true,"showImageEffects":true,"showParticleSystems":true},"in2DMode":false,"pivot":{"x":75.9452896118164,"y":19.890356063842775,"z":34.97157287597656},"rotation":{"x":0.0028411108069121839,"y":0.5884032249450684,"z":-0.0017167776823043824,"w":0.8087135553359985},"size":10.0,"orthographic":false}