{"cameraMode":{"drawMode":0,"name":"Shaded","section":"Shading Mode"},"sceneLighting":false,"audioPlay":false,"sceneViewState":{"showFog":true,"showMaterialUpdate":false,"showSkybox":false,"showFlares":true,"showImageEffects":true,"showParticleSystems":true},"in2DMode":false,"pivot":{"x":-1.1920928955078126e-7,"y":-0.023845195770263673,"z":-0.08468186855316162},"rotation":{"x":-0.07374205440282822,"y":-0.003892140230163932,"z":0.00028781653963960707,"w":-0.997269868850708},"size":1.4096348285675049,"orthographic":false}