{"cameraMode":{"drawMode":0,"name":"Shaded","section":"Shading Mode"},"sceneLighting":false,"audioPlay":false,"sceneViewState":{"showFog":true,"showMaterialUpdate":false,"showSkybox":false,"showFlares":true,"showImageEffects":true,"showParticleSystems":true},"in2DMode":false,"pivot":{"x":0.03541004657745361,"y":1.0394489765167237,"z":0.0827791690826416},"rotation":{"x":-0.07374205440282822,"y":-0.003892140230163932,"z":0.00028781653963960707,"w":-0.997269868850708},"size":2.183253049850464,"orthographic":false}